"Session code","Participant code","App name","Round number","Page name","Timestamp","Event type"

	3jwckix4,xzgna3a9,misinfoNet_intro,1,welcome,2020-04-02 18:37:32.517000,Page shown

	3jwckix4,skhzfcsg,misinfoNet_intro,1,welcome,2020-04-02 18:37:34.348000,Page shown

	3jwckix4,skhzfcsg,misinfoNet_intro,1,welcome,2020-04-02 18:37:41.694000,Form submitted

	3jwckix4,skhzfcsg,misinfoNet_intro,1,intoNet,2020-04-02 18:37:42.786000,Page shown

	3jwckix4,skhzfcsg,misinfoNet_intro,1,intoNet,2020-04-02 18:37:44.922000,Form submitted

	3jwckix4,skhzfcsg,misinfoNet,1,table,2020-04-02 18:37:45.875000,Page shown

	3jwckix4,skhzfcsg,misinfoNet,1,table,2020-04-02 18:37:53.300000,Form submitted

	3jwckix4,skhzfcsg,misinfoNet,1,table,2020-04-02 18:37:53.301000,Focus off

	3jwckix4,skhzfcsg,misinfoNet,1,table,2020-04-02 18:37:53.301000,Focus on

	3jwckix4,xzgna3a9,misinfoNet_intro,1,welcome,2020-04-02 18:37:59.392000,Focus on

	3jwckix4,xzgna3a9,misinfoNet_intro,1,welcome,2020-04-02 18:38:01.599000,Focus off

	3jwckix4,xzgna3a9,misinfoNet_intro,1,intoNet,2020-04-02 18:38:09.291000,Page shown

	3jwckix4,xzgna3a9,misinfoNet,1,table,2020-04-02 18:38:13.905000,Page shown

	3jwckix4,xzgna3a9,misinfoNet,1,table,2020-04-02 18:38:18.874000,Focus on

	3jwckix4,xzgna3a9,misinfoNet,1,dash,2020-04-02 18:38:20.417000,Page shown

	3jwckix4,skhzfcsg,misinfoNet,1,dash,2020-04-02 18:38:20.971000,Page shown

	3jwckix4,xzgna3a9,misinfoNet,1,dash,2020-04-02 18:38:28.797000,Focus off

	3jwckix4,xzgna3a9,misinfoNet,1,dash,2020-04-02 18:38:30.563000,Focus on

	3jwckix4,skhzfcsg,misinfoNet,1,dash,2020-04-02 18:40:21.004000,Form submitted

	3jwckix4,skhzfcsg,misinfoNet,1,dash,2020-04-02 18:40:20.998000,Form submitted

	3jwckix4,skhzfcsg,misinfoNet,2,table,2020-04-02 18:40:22.431000,Page shown

	3jwckix4,skhzfcsg,misinfoNet,2,table,2020-04-02 18:42:22.449000,Form submitted

	3jwckix4,skhzfcsg,misinfoNet,2,table,2020-04-02 18:42:22.451000,Form submitted

	3jwckix4,skhzfcsg,misinfoNet,2,dash,2020-04-02 18:42:59.920000,Page shown

	3jwckix4,skhzfcsg,misinfoNet,2,dash,2020-04-02 18:44:59.935000,Form submitted

	3jwckix4,skhzfcsg,misinfoNet,2,dash,2020-04-02 18:44:59.932000,Form submitted

	3jwckix4,skhzfcsg,misinfoNet,3,table,2020-04-02 18:45:00.911000,Page shown

	3jwckix4,skhzfcsg,misinfoNet,3,table,2020-04-02 18:47:00.924000,Form submitted

	3jwckix4,skhzfcsg,misinfoNet,3,table,2020-04-02 18:47:00.926000,Form submitted

	3jwckix4,skhzfcsg,misinfoNet,3,dash,2020-04-02 18:47:39.605000,Page shown

	3jwckix4,skhzfcsg,misinfoNet,3,dash,2020-04-02 18:49:39.628000,Form submitted

	3jwckix4,skhzfcsg,misinfoNet,3,dash,2020-04-02 18:49:39.632000,Form submitted

	3jwckix4,skhzfcsg,misinfoNet,4,table,2020-04-02 18:49:40.276000,Page shown

	3jwckix4,skhzfcsg,misinfoNet,4,table,2020-04-02 18:51:40.289000,Form submitted

	3jwckix4,skhzfcsg,misinfoNet,4,table,2020-04-02 18:51:40.291000,Form submitted

	3jwckix4,skhzfcsg,misinfoNet,4,dash,2020-04-02 18:52:19.912000,Page shown

	wyk984vb,3torqoe7,misinfoNet_intro,1,welcome,2020-04-02 18:52:22.428000,Page shown

	wyk984vb,soino64j,misinfoNet_intro,1,welcome,2020-04-02 18:52:22.650000,Page shown

	wyk984vb,c5x6l9ts,misinfoNet_intro,1,welcome,2020-04-02 18:52:22.268000,Page shown

	wyk984vb,y0u8rlrv,misinfoNet_intro,1,welcome,2020-04-02 18:52:23.055000,Page shown

	wyk984vb,hovo64tv,misinfoNet_intro,1,welcome,2020-04-02 18:52:22.977000,Page shown

	wyk984vb,tw0j5jja,misinfoNet_intro,1,welcome,2020-04-02 18:52:22.982000,Page shown

	wyk984vb,chpjxcg2,misinfoNet_intro,1,welcome,2020-04-02 18:52:22.423000,Page shown

	wyk984vb,tgbm5dfl,misinfoNet_intro,1,welcome,2020-04-02 18:51:53.370000,Page shown

	wyk984vb,hige4vwp,misinfoNet_intro,1,welcome,2020-04-02 18:52:22.561000,Page shown

	wyk984vb,8ebxv6tp,misinfoNet_intro,1,welcome,2020-04-02 18:52:21.554000,Page shown

	wyk984vb,chpjxcg2,misinfoNet_intro,1,welcome,2020-04-02 18:52:24.814000,Focus on

	wyk984vb,zajai0rg,misinfoNet_intro,1,welcome,2020-04-02 18:52:30.589000,Page shown

	wyk984vb,8ebxv6tp,misinfoNet_intro,1,welcome,2020-04-02 18:52:25.594000,Form submitted

	wyk984vb,8ebxv6tp,misinfoNet_intro,1,intoNet,2020-04-02 18:52:26.774000,Page shown

	wyk984vb,c5x6l9ts,misinfoNet_intro,1,welcome,2020-04-02 18:52:30.232000,Focus on

	wyk984vb,tw0j5jja,misinfoNet_intro,1,welcome,2020-04-02 18:52:32.445000,Focus on

	wyk984vb,tw0j5jja,misinfoNet_intro,1,welcome,2020-04-02 18:52:33.698000,Form submitted

	wyk984vb,tw0j5jja,misinfoNet_intro,1,intoNet,2020-04-02 18:52:34.431000,Page shown

	wyk984vb,hige4vwp,misinfoNet_intro,1,welcome,2020-04-02 18:52:37.280000,Focus on

	wyk984vb,tw0j5jja,misinfoNet_intro,1,intoNet,2020-04-02 18:52:37.399000,Form submitted

	wyk984vb,soino64j,misinfoNet_intro,1,welcome,2020-04-02 18:52:38.135000,Form submitted

	wyk984vb,tw0j5jja,misinfoNet,1,table,2020-04-02 18:52:38.166000,Page shown

	wyk984vb,soino64j,misinfoNet_intro,1,intoNet,2020-04-02 18:52:39.479000,Page shown

	wyk984vb,y0u8rlrv,misinfoNet_intro,1,welcome,2020-04-02 18:52:39.734000,Form submitted

	wyk984vb,chpjxcg2,misinfoNet_intro,1,welcome,2020-04-02 18:52:39.986000,Form submitted

	wyk984vb,y0u8rlrv,misinfoNet_intro,1,intoNet,2020-04-02 18:52:40.589000,Page shown

	wyk984vb,chpjxcg2,misinfoNet_intro,1,intoNet,2020-04-02 18:52:40.813000,Page shown

	wyk984vb,hige4vwp,misinfoNet_intro,1,welcome,2020-04-02 18:52:41.925000,Focus off

	wyk984vb,hige4vwp,misinfoNet_intro,1,welcome,2020-04-02 18:52:43.539000,Focus on

	wyk984vb,soino64j,misinfoNet_intro,1,intoNet,2020-04-02 18:52:45.642000,Focus off

	wyk984vb,3torqoe7,misinfoNet_intro,1,welcome,2020-04-02 18:52:46.563000,Focus on

	wyk984vb,3torqoe7,misinfoNet_intro,1,welcome,2020-04-02 18:52:46.663000,Form submitted

	wyk984vb,3torqoe7,misinfoNet_intro,1,intoNet,2020-04-02 18:52:47.535000,Page shown

	wyk984vb,8ebxv6tp,misinfoNet_intro,1,intoNet,2020-04-02 18:52:46.296000,Focus off

	wyk984vb,zajai0rg,misinfoNet_intro,1,welcome,2020-04-02 18:52:57.330000,Focus off

	wyk984vb,8ebxv6tp,misinfoNet_intro,1,intoNet,2020-04-02 18:52:49.556000,Focus on

	wyk984vb,soino64j,misinfoNet_intro,1,intoNet,2020-04-02 18:52:54.656000,Focus on

	wyk984vb,hige4vwp,misinfoNet_intro,1,welcome,2020-04-02 18:52:54.793000,Form submitted

	wyk984vb,c5x6l9ts,misinfoNet_intro,1,welcome,2020-04-02 18:52:55.346000,Form submitted

	wyk984vb,hige4vwp,misinfoNet_intro,1,intoNet,2020-04-02 18:52:55.584000,Page shown

	wyk984vb,c5x6l9ts,misinfoNet_intro,1,intoNet,2020-04-02 18:52:57.405000,Page shown

	wyk984vb,soino64j,misinfoNet_intro,1,intoNet,2020-04-02 18:52:58.093000,Form submitted

	wyk984vb,soino64j,misinfoNet,1,table,2020-04-02 18:52:59.277000,Page shown

	wyk984vb,tgbm5dfl,misinfoNet_intro,1,welcome,2020-04-02 18:52:34.883000,Focus on

	wyk984vb,tgbm5dfl,misinfoNet_intro,1,welcome,2020-04-02 18:52:36.408000,Form submitted

	wyk984vb,tw0j5jja,misinfoNet,1,table,2020-04-02 18:53:05.962000,Focus off

	wyk984vb,tw0j5jja,misinfoNet,1,table,2020-04-02 18:53:05.963000,Focus on

	wyk984vb,tgbm5dfl,misinfoNet_intro,1,intoNet,2020-04-02 18:52:37.668000,Page shown

	wyk984vb,soino64j,misinfoNet,1,table,2020-04-02 18:53:09.411000,Focus off

	wyk984vb,tgbm5dfl,misinfoNet_intro,1,intoNet,2020-04-02 18:52:42.505000,Focus off

	3jwckix4,skhzfcsg,misinfoNet,4,dash,2020-04-02 18:54:19.930000,Form submitted

	3jwckix4,skhzfcsg,misinfoNet,4,dash,2020-04-02 18:54:19.940000,Form submitted

	wyk984vb,tgbm5dfl,misinfoNet_intro,1,intoNet,2020-04-02 18:52:56.385000,Focus on

	wyk984vb,tgbm5dfl,misinfoNet_intro,1,intoNet,2020-04-02 18:52:56.520000,Form submitted

	3jwckix4,skhzfcsg,misinfoNet_outro,1,tableExplain,2020-04-02 18:54:20.793000,Page shown

	wyk984vb,soino64j,misinfoNet,1,table,2020-04-02 18:53:27.062000,Focus on

	wyk984vb,8ebxv6tp,misinfoNet_intro,1,intoNet,2020-04-02 18:53:24.870000,Form submitted

	wyk984vb,tgbm5dfl,misinfoNet,1,table,2020-04-02 18:52:57.254000,Page shown

	wyk984vb,8ebxv6tp,misinfoNet,1,table,2020-04-02 18:53:26.184000,Page shown

	wyk984vb,y0u8rlrv,misinfoNet_intro,1,intoNet,2020-04-02 18:53:31.496000,Form submitted

	wyk984vb,y0u8rlrv,misinfoNet,1,table,2020-04-02 18:53:32.504000,Page shown

	wyk984vb,chpjxcg2,misinfoNet_intro,1,intoNet,2020-04-02 18:53:38.345000,Form submitted

	wyk984vb,chpjxcg2,misinfoNet,1,table,2020-04-02 18:53:39.074000,Page shown

	wyk984vb,hovo64tv,misinfoNet_intro,1,welcome,2020-04-02 18:53:52.992000,Form submitted

	wyk984vb,hovo64tv,misinfoNet_intro,1,welcome,2020-04-02 18:53:52.994000,Form submitted

	wyk984vb,hige4vwp,misinfoNet_intro,1,intoNet,2020-04-02 18:53:54.068000,Form submitted

	wyk984vb,zajai0rg,misinfoNet_intro,1,welcome,2020-04-02 18:53:59.846000,Focus on

	wyk984vb,hovo64tv,misinfoNet_intro,1,intoNet,2020-04-02 18:53:53.994000,Page shown

	wyk984vb,zajai0rg,misinfoNet_intro,1,welcome,2020-04-02 18:54:00.706000,Form submitted

	wyk984vb,zajai0rg,misinfoNet_intro,1,welcome,2020-04-02 18:54:00.709000,Form submitted

	wyk984vb,3torqoe7,misinfoNet_intro,1,intoNet,2020-04-02 18:53:55.416000,Form submitted

	wyk984vb,hige4vwp,misinfoNet,1,table,2020-04-02 18:53:55.371000,Page shown

	wyk984vb,3torqoe7,misinfoNet,1,table,2020-04-02 18:53:56.309000,Page shown

	wyk984vb,zajai0rg,misinfoNet_intro,1,intoNet,2020-04-02 18:54:03.134000,Page shown

	wyk984vb,zajai0rg,misinfoNet_intro,1,intoNet,2020-04-02 18:54:18.467000,Focus off

	wyk984vb,zajai0rg,misinfoNet_intro,1,intoNet,2020-04-02 18:54:19.867000,Focus on

	wyk984vb,tgbm5dfl,misinfoNet,1,table,2020-04-02 18:53:44.385000,Form submitted

	wyk984vb,tgbm5dfl,misinfoNet,1,table,2020-04-02 18:53:44.388000,Focus off

	wyk984vb,tgbm5dfl,misinfoNet,1,table,2020-04-02 18:53:44.389000,Focus on

	wyk984vb,zajai0rg,misinfoNet_intro,1,intoNet,2020-04-02 18:54:22.490000,Focus off

	wyk984vb,c5x6l9ts,misinfoNet_intro,1,intoNet,2020-04-02 18:54:22.691000,Form submitted

	wyk984vb,zajai0rg,misinfoNet_intro,1,intoNet,2020-04-02 18:54:29.309000,Focus on

	wyk984vb,c5x6l9ts,misinfoNet,1,table,2020-04-02 18:54:24.226000,Page shown

	wyk984vb,8ebxv6tp,misinfoNet,1,table,2020-04-02 18:54:32.609000,Form submitted

	wyk984vb,8ebxv6tp,misinfoNet,1,table,2020-04-02 18:54:32.630000,Focus off

	wyk984vb,8ebxv6tp,misinfoNet,1,table,2020-04-02 18:54:32.632000,Focus on

	wyk984vb,y0u8rlrv,misinfoNet,1,table,2020-04-02 18:54:52.913000,Form submitted

	wyk984vb,y0u8rlrv,misinfoNet,1,table,2020-04-02 18:54:52.917000,Focus off

	wyk984vb,y0u8rlrv,misinfoNet,1,table,2020-04-02 18:54:53.085000,Focus on

	wyk984vb,soino64j,misinfoNet,1,table,2020-04-02 18:54:54.591000,Form submitted

	wyk984vb,soino64j,misinfoNet,1,table,2020-04-02 18:54:54.764000,Focus on

	wyk984vb,zajai0rg,misinfoNet_intro,1,intoNet,2020-04-02 18:55:10.931000,Form submitted

	wyk984vb,zajai0rg,misinfoNet,1,table,2020-04-02 18:55:13.799000,Page shown

	wyk984vb,chpjxcg2,misinfoNet,1,table,2020-04-02 18:55:16.411000,Form submitted

	wyk984vb,chpjxcg2,misinfoNet,1,table,2020-04-02 18:55:16.413000,Focus on

	wyk984vb,hovo64tv,misinfoNet_intro,1,intoNet,2020-04-02 18:55:24.015000,Form submitted

	wyk984vb,hovo64tv,misinfoNet_intro,1,intoNet,2020-04-02 18:55:24.015000,Form submitted

	wyk984vb,hovo64tv,misinfoNet,1,table,2020-04-02 18:55:25.208000,Page shown

	wyk984vb,zajai0rg,misinfoNet,1,table,2020-04-02 18:55:34.770000,Focus off

	wyk984vb,zajai0rg,misinfoNet,1,table,2020-04-02 18:55:38.157000,Focus on

	wyk984vb,3torqoe7,misinfoNet,1,table,2020-04-02 18:55:50.629000,Focus off

	wyk984vb,3torqoe7,misinfoNet,1,table,2020-04-02 18:55:50.623000,Form submitted

	wyk984vb,3torqoe7,misinfoNet,1,table,2020-04-02 18:55:50.629000,Focus on

	wyk984vb,hovo64tv,misinfoNet,1,table,2020-04-02 18:55:56.304000,Focus on

	wyk984vb,hige4vwp,misinfoNet,1,table,2020-04-02 18:55:58.165000,Form submitted

	wyk984vb,hige4vwp,misinfoNet,1,table,2020-04-02 18:55:58.167000,Focus off

	wyk984vb,hige4vwp,misinfoNet,1,table,2020-04-02 18:55:58.171000,Form submitted

	wyk984vb,hige4vwp,misinfoNet,1,table,2020-04-02 18:55:58.173000,Form submitted

	wyk984vb,hige4vwp,misinfoNet,1,table,2020-04-02 18:55:58.327000,Focus on

	wyk984vb,c5x6l9ts,misinfoNet,1,table,2020-04-02 18:56:24.306000,Form submitted

	wyk984vb,c5x6l9ts,misinfoNet,1,table,2020-04-02 18:56:24.320000,Form submitted

	wyk984vb,zajai0rg,misinfoNet,1,table,2020-04-02 18:57:13.856000,Form submitted

	wyk984vb,zajai0rg,misinfoNet,1,table,2020-04-02 18:57:13.830000,Form submitted

	wyk984vb,hovo64tv,misinfoNet,1,table,2020-04-02 18:57:08.053000,Form submitted

	wyk984vb,hovo64tv,misinfoNet,1,table,2020-04-02 18:57:08.055000,Focus off

	wyk984vb,hovo64tv,misinfoNet,1,table,2020-04-02 18:57:08.055000,Focus on

	wyk984vb,hovo64tv,misinfoNet,1,dash,2020-04-02 18:57:12.468000,Page shown

	wyk984vb,soino64j,misinfoNet,1,dash,2020-04-02 18:57:12.957000,Page shown

	wyk984vb,tgbm5dfl,misinfoNet,1,dash,2020-04-02 18:56:43.653000,Focus on

	wyk984vb,tgbm5dfl,misinfoNet,1,dash,2020-04-02 18:56:43.445000,Page shown

	wyk984vb,3torqoe7,misinfoNet,1,dash,2020-04-02 18:57:13.771000,Page shown

	wyk984vb,tw0j5jja,misinfoNet,1,dash,2020-04-02 18:57:13.174000,Page shown

	wyk984vb,chpjxcg2,misinfoNet,1,dash,2020-04-02 18:57:13.423000,Page shown

	wyk984vb,y0u8rlrv,misinfoNet,1,dash,2020-04-02 18:57:13.868000,Page shown

	wyk984vb,c5x6l9ts,misinfoNet,1,dash,2020-04-02 18:57:14.241000,Page shown

	wyk984vb,8ebxv6tp,misinfoNet,1,dash,2020-04-02 18:57:11.660000,Page shown

	wyk984vb,hige4vwp,misinfoNet,1,dash,2020-04-02 18:57:14.262000,Page shown

	wyk984vb,zajai0rg,misinfoNet,1,dash,2020-04-02 18:57:19.964000,Page shown

	wyk984vb,8ebxv6tp,misinfoNet,1,dash,2020-04-02 18:57:14.156000,Focus on

	wyk984vb,chpjxcg2,misinfoNet,1,dash,2020-04-02 18:57:17.075000,Focus on

	wyk984vb,tw0j5jja,misinfoNet,1,dash,2020-04-02 18:57:20.571000,Focus on

	wyk984vb,zajai0rg,misinfoNet,1,dash,2020-04-02 18:57:27.033000,Focus off

	wyk984vb,tw0j5jja,misinfoNet,1,dash,2020-04-02 18:57:25.025000,Form submitted

	wyk984vb,hige4vwp,misinfoNet,1,dash,2020-04-02 18:57:26.097000,Focus on

	wyk984vb,tw0j5jja,misinfoNet,2,table,2020-04-02 18:57:25.955000,Focus off

	wyk984vb,tw0j5jja,misinfoNet,2,table,2020-04-02 18:57:25.797000,Page shown

	wyk984vb,tw0j5jja,misinfoNet,2,table,2020-04-02 18:57:29.538000,Focus on

	wyk984vb,soino64j,misinfoNet,1,dash,2020-04-02 18:57:31.169000,Focus on

	wyk984vb,tgbm5dfl,misinfoNet,1,dash,2020-04-02 18:57:02.563000,Form submitted

	wyk984vb,tgbm5dfl,misinfoNet,2,table,2020-04-02 18:57:03.696000,Page shown

	wyk984vb,tw0j5jja,misinfoNet,2,table,2020-04-02 18:57:36.527000,Focus off

	wyk984vb,tw0j5jja,misinfoNet,2,table,2020-04-02 18:57:36.524000,Form submitted

	wyk984vb,tw0j5jja,misinfoNet,2,table,2020-04-02 18:57:36.527000,Focus on

	wyk984vb,3torqoe7,misinfoNet,1,dash,2020-04-02 18:57:37.484000,Focus on

	wyk984vb,zajai0rg,misinfoNet,1,dash,2020-04-02 18:57:42.457000,Focus on

	wyk984vb,3torqoe7,misinfoNet,1,dash,2020-04-02 18:57:43.259000,Form submitted

	wyk984vb,3torqoe7,misinfoNet,2,table,2020-04-02 18:57:44.260000,Page shown

	wyk984vb,hovo64tv,misinfoNet,1,dash,2020-04-02 18:57:47.254000,Form submitted

	wyk984vb,hovo64tv,misinfoNet,2,table,2020-04-02 18:57:48.103000,Page shown

	wyk984vb,8ebxv6tp,misinfoNet,1,dash,2020-04-02 18:57:52.120000,Form submitted

	wyk984vb,8ebxv6tp,misinfoNet,2,table,2020-04-02 18:57:53.192000,Page shown

	wyk984vb,8ebxv6tp,misinfoNet,2,table,2020-04-02 18:57:54.738000,Focus off

	wyk984vb,8ebxv6tp,misinfoNet,2,table,2020-04-02 18:57:58.986000,Focus on

	wyk984vb,8ebxv6tp,misinfoNet,2,table,2020-04-02 18:58:03.250000,Focus off

	wyk984vb,c5x6l9ts,misinfoNet,1,dash,2020-04-02 18:58:06.429000,Form submitted

	wyk984vb,hige4vwp,misinfoNet,1,dash,2020-04-02 18:58:07.625000,Form submitted

	wyk984vb,c5x6l9ts,misinfoNet,2,table,2020-04-02 18:58:08.478000,Page shown

	wyk984vb,chpjxcg2,misinfoNet,1,dash,2020-04-02 18:58:09.023000,Form submitted

	wyk984vb,hige4vwp,misinfoNet,2,table,2020-04-02 18:58:08.758000,Page shown

	wyk984vb,chpjxcg2,misinfoNet,2,table,2020-04-02 18:58:10.736000,Page shown

	wyk984vb,y0u8rlrv,misinfoNet,1,dash,2020-04-02 18:58:13.575000,Form submitted

	wyk984vb,8ebxv6tp,misinfoNet,2,table,2020-04-02 18:58:12.328000,Focus on

	wyk984vb,soino64j,misinfoNet,1,dash,2020-04-02 18:58:14.879000,Form submitted

	wyk984vb,y0u8rlrv,misinfoNet,2,table,2020-04-02 18:58:14.717000,Page shown

	wyk984vb,soino64j,misinfoNet,2,table,2020-04-02 18:58:16.705000,Page shown

	wyk984vb,tgbm5dfl,misinfoNet,2,table,2020-04-02 18:57:51.573000,Focus off

	wyk984vb,tgbm5dfl,misinfoNet,2,table,2020-04-02 18:57:51.569000,Form submitted

	wyk984vb,tgbm5dfl,misinfoNet,2,table,2020-04-02 18:57:51.573000,Focus on

	wyk984vb,zajai0rg,misinfoNet,1,dash,2020-04-02 18:58:30.267000,Focus off

	wyk984vb,soino64j,misinfoNet,2,table,2020-04-02 18:58:42.806000,Focus off

	wyk984vb,hovo64tv,misinfoNet,2,table,2020-04-02 18:58:45.101000,Form submitted

	wyk984vb,hovo64tv,misinfoNet,2,table,2020-04-02 18:58:45.102000,Focus off

	wyk984vb,hovo64tv,misinfoNet,2,table,2020-04-02 18:58:45.102000,Focus on

	wyk984vb,hige4vwp,misinfoNet,2,table,2020-04-02 18:58:57.872000,Form submitted

	wyk984vb,hige4vwp,misinfoNet,2,table,2020-04-02 18:58:57.874000,Focus off

	wyk984vb,hige4vwp,misinfoNet,2,table,2020-04-02 18:58:58.030000,Focus on

	wyk984vb,soino64j,misinfoNet,2,table,2020-04-02 18:58:59.307000,Focus on

	wyk984vb,3torqoe7,misinfoNet,2,table,2020-04-02 18:58:59.744000,Form submitted

	wyk984vb,3torqoe7,misinfoNet,2,table,2020-04-02 18:58:59.750000,Focus off

	wyk984vb,3torqoe7,misinfoNet,2,table,2020-04-02 18:58:59.750000,Focus on

	wyk984vb,c5x6l9ts,misinfoNet,2,table,2020-04-02 18:59:04.299000,Form submitted

	wyk984vb,c5x6l9ts,misinfoNet,2,table,2020-04-02 18:59:04.301000,Focus off

	wyk984vb,c5x6l9ts,misinfoNet,2,table,2020-04-02 18:59:04.471000,Focus on

	wyk984vb,soino64j,misinfoNet,2,table,2020-04-02 18:59:10.337000,Focus off

	wyk984vb,zajai0rg,misinfoNet,1,dash,2020-04-02 18:59:17.483000,Focus on

	wyk984vb,zajai0rg,misinfoNet,1,dash,2020-04-02 18:59:19.997000,Form submitted

	wyk984vb,zajai0rg,misinfoNet,1,dash,2020-04-02 18:59:19.988000,Form submitted

	wyk984vb,zajai0rg,misinfoNet,2,table,2020-04-02 18:59:22.770000,Page shown

	wyk984vb,chpjxcg2,misinfoNet,2,table,2020-04-02 18:59:18.705000,Focus off

	wyk984vb,soino64j,misinfoNet,2,table,2020-04-02 18:59:20.344000,Focus on

	wyk984vb,soino64j,misinfoNet,2,table,2020-04-02 18:59:38.542000,Focus off

	wyk984vb,soino64j,misinfoNet,2,table,2020-04-02 18:59:49.716000,Focus on

	wyk984vb,chpjxcg2,misinfoNet,2,table,2020-04-02 18:59:51.640000,Focus on

	wyk984vb,8ebxv6tp,misinfoNet,2,table,2020-04-02 18:59:53.678000,Form submitted

	wyk984vb,8ebxv6tp,misinfoNet,2,table,2020-04-02 18:59:53.685000,Form submitted

	wyk984vb,chpjxcg2,misinfoNet,2,table,2020-04-02 18:59:59.723000,Focus off

	wyk984vb,chpjxcg2,misinfoNet,2,table,2020-04-02 18:59:59.721000,Form submitted

	wyk984vb,chpjxcg2,misinfoNet,2,table,2020-04-02 18:59:59.723000,Focus on

	wyk984vb,y0u8rlrv,misinfoNet,2,table,2020-04-02 19:00:05.817000,Focus off

	wyk984vb,y0u8rlrv,misinfoNet,2,table,2020-04-02 19:00:06.002000,Focus on

	wyk984vb,soino64j,misinfoNet,2,table,2020-04-02 19:00:13.410000,Form submitted

	wyk984vb,soino64j,misinfoNet,2,table,2020-04-02 19:00:13.413000,Focus off

	wyk984vb,soino64j,misinfoNet,2,table,2020-04-02 19:00:13.587000,Focus on

	wyk984vb,y0u8rlrv,misinfoNet,2,table,2020-04-02 19:00:14.736000,Form submitted

	wyk984vb,y0u8rlrv,misinfoNet,2,table,2020-04-02 19:00:14.739000,Form submitted

	wyk984vb,zajai0rg,misinfoNet,2,table,2020-04-02 19:00:30.236000,Focus off

	wyk984vb,zajai0rg,misinfoNet,2,table,2020-04-02 19:01:22.788000,Form submitted

	wyk984vb,zajai0rg,misinfoNet,2,table,2020-04-02 19:01:22.791000,Form submitted

	wyk984vb,zajai0rg,misinfoNet,2,table,2020-04-02 19:01:31.420000,Focus on

	wyk984vb,soino64j,misinfoNet,2,dash,2020-04-02 19:01:28.115000,Page shown

	wyk984vb,zajai0rg,misinfoNet,2,dash,2020-04-02 19:01:33.711000,Page shown

	wyk984vb,3torqoe7,misinfoNet,2,dash,2020-04-02 19:01:29.131000,Page shown

	wyk984vb,chpjxcg2,misinfoNet,2,dash,2020-04-02 19:01:29.720000,Page shown

	wyk984vb,8ebxv6tp,misinfoNet,2,dash,2020-04-02 19:01:27.866000,Page shown

	wyk984vb,hige4vwp,misinfoNet,2,dash,2020-04-02 19:01:30.576000,Page shown

	wyk984vb,hige4vwp,misinfoNet,2,dash,2020-04-02 19:01:32.006000,Focus on

	wyk984vb,tw0j5jja,misinfoNet,2,dash,2020-04-02 19:01:31.065000,Page shown

	wyk984vb,hovo64tv,misinfoNet,2,dash,2020-04-02 19:01:28.565000,Page shown

	wyk984vb,tgbm5dfl,misinfoNet,2,dash,2020-04-02 19:00:59.616000,Page shown

	wyk984vb,tgbm5dfl,misinfoNet,2,dash,2020-04-02 19:01:03.485000,Focus on

	wyk984vb,c5x6l9ts,misinfoNet,2,dash,2020-04-02 19:01:32.790000,Page shown

	wyk984vb,c5x6l9ts,misinfoNet,2,dash,2020-04-02 19:01:33.968000,Focus on

	wyk984vb,8ebxv6tp,misinfoNet,2,dash,2020-04-02 19:01:32.702000,Focus on

	wyk984vb,y0u8rlrv,misinfoNet,2,dash,2020-04-02 19:01:34.894000,Page shown

	wyk984vb,chpjxcg2,misinfoNet,2,dash,2020-04-02 19:01:39.520000,Focus on

	wyk984vb,8ebxv6tp,misinfoNet,2,dash,2020-04-02 19:01:38.693000,Focus off

	wyk984vb,3torqoe7,misinfoNet,2,dash,2020-04-02 19:01:41.875000,Focus on

	wyk984vb,y0u8rlrv,misinfoNet,2,dash,2020-04-02 19:01:42.128000,Focus on

	wyk984vb,zajai0rg,misinfoNet,2,dash,2020-04-02 19:01:50.203000,Focus off

	wyk984vb,tgbm5dfl,misinfoNet,2,dash,2020-04-02 19:01:16.304000,Form submitted

	wyk984vb,tgbm5dfl,misinfoNet,2,dash,2020-04-02 19:01:17.330000,Focus off

	wyk984vb,8ebxv6tp,misinfoNet,2,dash,2020-04-02 19:01:46.221000,Focus on

	wyk984vb,tgbm5dfl,misinfoNet,3,table,2020-04-02 19:01:18.820000,Page shown

	wyk984vb,tw0j5jja,misinfoNet,2,dash,2020-04-02 19:01:53.881000,Form submitted

	wyk984vb,tw0j5jja,misinfoNet,3,table,2020-04-02 19:01:56.091000,Page shown

	wyk984vb,tw0j5jja,misinfoNet,3,table,2020-04-02 19:01:59.203000,Focus off

	wyk984vb,tw0j5jja,misinfoNet,3,table,2020-04-02 19:01:59.201000,Form submitted

	wyk984vb,tw0j5jja,misinfoNet,3,table,2020-04-02 19:01:59.204000,Focus on

	wyk984vb,8ebxv6tp,misinfoNet,2,dash,2020-04-02 19:02:00.146000,Form submitted

	wyk984vb,soino64j,misinfoNet,2,dash,2020-04-02 19:02:03.428000,Form submitted

	wyk984vb,c5x6l9ts,misinfoNet,2,dash,2020-04-02 19:02:05.193000,Form submitted

	wyk984vb,soino64j,misinfoNet,3,table,2020-04-02 19:02:05.252000,Page shown

	wyk984vb,8ebxv6tp,misinfoNet,3,table,2020-04-02 19:02:02.730000,Page shown

	wyk984vb,hovo64tv,misinfoNet,2,dash,2020-04-02 19:02:06.546000,Focus on

	wyk984vb,c5x6l9ts,misinfoNet,3,table,2020-04-02 19:02:07.077000,Page shown

	wyk984vb,8ebxv6tp,misinfoNet,3,table,2020-04-02 19:02:08.082000,Focus on

	wyk984vb,y0u8rlrv,misinfoNet,2,dash,2020-04-02 19:02:10.999000,Form submitted

	wyk984vb,y0u8rlrv,misinfoNet,3,table,2020-04-02 19:02:13.538000,Page shown

	wyk984vb,hovo64tv,misinfoNet,2,dash,2020-04-02 19:02:15.686000,Form submitted

	wyk984vb,hige4vwp,misinfoNet,2,dash,2020-04-02 19:02:17.055000,Form submitted

	wyk984vb,zajai0rg,misinfoNet,2,dash,2020-04-02 19:02:24.337000,Focus on

	wyk984vb,hige4vwp,misinfoNet,2,dash,2020-04-02 19:02:18.927000,Focus off

	wyk984vb,hovo64tv,misinfoNet,3,table,2020-04-02 19:02:18.821000,Page shown

	wyk984vb,chpjxcg2,misinfoNet,2,dash,2020-04-02 19:02:20.552000,Form submitted

	wyk984vb,hige4vwp,misinfoNet,3,table,2020-04-02 19:02:20.198000,Page shown

	wyk984vb,chpjxcg2,misinfoNet,3,table,2020-04-02 19:02:22.873000,Page shown

	wyk984vb,zajai0rg,misinfoNet,2,dash,2020-04-02 19:02:29.419000,Focus off

	wyk984vb,3torqoe7,misinfoNet,2,dash,2020-04-02 19:02:29.847000,Form submitted

	wyk984vb,3torqoe7,misinfoNet,3,table,2020-04-02 19:02:32.089000,Page shown

	wyk984vb,hige4vwp,misinfoNet,3,table,2020-04-02 19:02:39.180000,Focus on

	wyk984vb,hige4vwp,misinfoNet,3,table,2020-04-02 19:02:48.386000,Focus off

	wyk984vb,y0u8rlrv,misinfoNet,3,table,2020-04-02 19:02:49.398000,Form submitted

	wyk984vb,y0u8rlrv,misinfoNet,3,table,2020-04-02 19:02:49.401000,Focus off

	wyk984vb,y0u8rlrv,misinfoNet,3,table,2020-04-02 19:02:49.566000,Focus on

	wyk984vb,hige4vwp,misinfoNet,3,table,2020-04-02 19:02:49.871000,Focus on

	wyk984vb,c5x6l9ts,misinfoNet,3,table,2020-04-02 19:02:52.361000,Form submitted

	wyk984vb,c5x6l9ts,misinfoNet,3,table,2020-04-02 19:02:52.364000,Focus off

	wyk984vb,c5x6l9ts,misinfoNet,3,table,2020-04-02 19:02:52.525000,Focus on

	wyk984vb,tgbm5dfl,misinfoNet,3,table,2020-04-02 19:02:24.711000,Focus on

	wyk984vb,zajai0rg,misinfoNet,2,dash,2020-04-02 19:03:11.588000,Focus on

	wyk984vb,zajai0rg,misinfoNet,2,dash,2020-04-02 19:03:15.066000,Focus off

	wyk984vb,hovo64tv,misinfoNet,3,table,2020-04-02 19:03:11.316000,Form submitted

	wyk984vb,hovo64tv,misinfoNet,3,table,2020-04-02 19:03:11.318000,Focus off

	wyk984vb,hovo64tv,misinfoNet,3,table,2020-04-02 19:03:11.318000,Focus on

	wyk984vb,8ebxv6tp,misinfoNet,3,table,2020-04-02 19:03:11.234000,Focus off

	wyk984vb,8ebxv6tp,misinfoNet,3,table,2020-04-02 19:03:11.220000,Form submitted

	wyk984vb,8ebxv6tp,misinfoNet,3,table,2020-04-02 19:03:11.235000,Focus on

	wyk984vb,8ebxv6tp,misinfoNet,3,table,2020-04-02 19:03:11.773000,Focus off

	wyk984vb,zajai0rg,misinfoNet,2,dash,2020-04-02 19:03:33.742000,Form submitted

	wyk984vb,zajai0rg,misinfoNet,2,dash,2020-04-02 19:03:33.752000,Form submitted

	wyk984vb,tgbm5dfl,misinfoNet,3,table,2020-04-02 19:02:58.437000,Form submitted

	wyk984vb,tgbm5dfl,misinfoNet,3,table,2020-04-02 19:02:58.439000,Focus off

	wyk984vb,tgbm5dfl,misinfoNet,3,table,2020-04-02 19:02:58.440000,Focus on

	wyk984vb,tgbm5dfl,misinfoNet,3,table,2020-04-02 19:02:59.195000,Focus off

	wyk984vb,chpjxcg2,misinfoNet,3,table,2020-04-02 19:03:29.464000,Focus off

	wyk984vb,chpjxcg2,misinfoNet,3,table,2020-04-02 19:03:32.621000,Focus on

	wyk984vb,zajai0rg,misinfoNet,3,table,2020-04-02 19:03:37.556000,Page shown

	wyk984vb,zajai0rg,misinfoNet,3,table,2020-04-02 19:03:48.558000,Focus on

	wyk984vb,chpjxcg2,misinfoNet,3,table,2020-04-02 19:03:57.200000,Form submitted

	wyk984vb,chpjxcg2,misinfoNet,3,table,2020-04-02 19:03:57.202000,Focus off

	wyk984vb,chpjxcg2,misinfoNet,3,table,2020-04-02 19:03:57.202000,Focus on

	wyk984vb,chpjxcg2,misinfoNet,3,table,2020-04-02 19:03:58.094000,Focus off

	wyk984vb,soino64j,misinfoNet,3,table,2020-04-02 19:04:00.718000,Focus off

	wyk984vb,hige4vwp,misinfoNet,3,table,2020-04-02 19:04:04.086000,Form submitted

	wyk984vb,hige4vwp,misinfoNet,3,table,2020-04-02 19:04:04.252000,Focus on

	wyk984vb,hige4vwp,misinfoNet,3,table,2020-04-02 19:04:04.088000,Focus off

	wyk984vb,soino64j,misinfoNet,3,table,2020-04-02 19:04:05.274000,Form submitted

	wyk984vb,soino64j,misinfoNet,3,table,2020-04-02 19:04:05.276000,Form submitted

	wyk984vb,soino64j,misinfoNet,3,table,2020-04-02 19:04:05.614000,Focus on

	wyk984vb,hige4vwp,misinfoNet,3,table,2020-04-02 19:04:05.702000,Focus off

	wyk984vb,3torqoe7,misinfoNet,3,table,2020-04-02 19:04:09.126000,Form submitted

	wyk984vb,3torqoe7,misinfoNet,3,table,2020-04-02 19:04:09.134000,Focus off

	wyk984vb,3torqoe7,misinfoNet,3,table,2020-04-02 19:04:09.134000,Focus on

	wyk984vb,zajai0rg,misinfoNet,3,table,2020-04-02 19:04:34.548000,Focus off

	wyk984vb,zajai0rg,misinfoNet,3,table,2020-04-02 19:05:37.568000,Form submitted

	wyk984vb,zajai0rg,misinfoNet,3,table,2020-04-02 19:05:37.571000,Form submitted

	wyk984vb,soino64j,misinfoNet,3,dash,2020-04-02 19:05:37.873000,Page shown

	wyk984vb,chpjxcg2,misinfoNet,3,dash,2020-04-02 19:05:37.665000,Page shown

	wyk984vb,3torqoe7,misinfoNet,3,dash,2020-04-02 19:05:38.125000,Page shown

	wyk984vb,tgbm5dfl,misinfoNet,3,dash,2020-04-02 19:05:07.993000,Page shown

	wyk984vb,8ebxv6tp,misinfoNet,3,dash,2020-04-02 19:05:36.132000,Page shown

	wyk984vb,c5x6l9ts,misinfoNet,3,dash,2020-04-02 19:05:38.567000,Page shown

	wyk984vb,y0u8rlrv,misinfoNet,3,dash,2020-04-02 19:05:38.512000,Page shown

	wyk984vb,hovo64tv,misinfoNet,3,dash,2020-04-02 19:05:38.305000,Page shown

	wyk984vb,hige4vwp,misinfoNet,3,dash,2020-04-02 19:05:38.521000,Page shown

	wyk984vb,zajai0rg,misinfoNet,3,dash,2020-04-02 19:05:43.815000,Page shown

	wyk984vb,tw0j5jja,misinfoNet,3,dash,2020-04-02 19:05:38.900000,Page shown

	wyk984vb,c5x6l9ts,misinfoNet,3,dash,2020-04-02 19:05:41.287000,Focus on

	wyk984vb,8ebxv6tp,misinfoNet,3,dash,2020-04-02 19:05:38.313000,Focus off

	wyk984vb,tgbm5dfl,misinfoNet,3,dash,2020-04-02 19:05:13.424000,Focus on

	wyk984vb,8ebxv6tp,misinfoNet,3,dash,2020-04-02 19:05:45.898000,Focus on

	wyk984vb,chpjxcg2,misinfoNet,3,dash,2020-04-02 19:05:52.007000,Focus on

	wyk984vb,3torqoe7,misinfoNet,3,dash,2020-04-02 19:05:52.540000,Focus on

	wyk984vb,tgbm5dfl,misinfoNet,3,dash,2020-04-02 19:05:24.379000,Focus off

	wyk984vb,y0u8rlrv,misinfoNet,3,dash,2020-04-02 19:06:02.373000,Form submitted

	wyk984vb,hovo64tv,misinfoNet,3,dash,2020-04-02 19:06:02.718000,Focus on

	wyk984vb,tw0j5jja,misinfoNet,3,dash,2020-04-02 19:06:04.115000,Focus on

	wyk984vb,y0u8rlrv,misinfoNet,4,table,2020-04-02 19:06:04.485000,Page shown

	wyk984vb,hovo64tv,misinfoNet,3,dash,2020-04-02 19:06:06.147000,Form submitted

	wyk984vb,8ebxv6tp,misinfoNet,3,dash,2020-04-02 19:06:05.662000,Form submitted

	wyk984vb,hovo64tv,misinfoNet,4,table,2020-04-02 19:06:07.673000,Page shown

	wyk984vb,tgbm5dfl,misinfoNet,3,dash,2020-04-02 19:05:39.344000,Focus on

	wyk984vb,tgbm5dfl,misinfoNet,3,dash,2020-04-02 19:05:40.383000,Form submitted

	wyk984vb,c5x6l9ts,misinfoNet,3,dash,2020-04-02 19:06:10.608000,Form submitted

	wyk984vb,tgbm5dfl,misinfoNet,3,dash,2020-04-02 19:05:41.356000,Focus off

	wyk984vb,8ebxv6tp,misinfoNet,4,table,2020-04-02 19:06:08.692000,Page shown

	wyk984vb,chpjxcg2,misinfoNet,3,dash,2020-04-02 19:06:13.861000,Form submitted

	wyk984vb,8ebxv6tp,misinfoNet,4,table,2020-04-02 19:06:11.416000,Focus on

	wyk984vb,soino64j,misinfoNet,3,dash,2020-04-02 19:06:15.060000,Form submitted

	wyk984vb,tgbm5dfl,misinfoNet,4,table,2020-04-02 19:05:43.856000,Page shown

	wyk984vb,tw0j5jja,misinfoNet,3,dash,2020-04-02 19:06:15.938000,Form submitted

	wyk984vb,c5x6l9ts,misinfoNet,4,table,2020-04-02 19:06:15.330000,Page shown

	wyk984vb,8ebxv6tp,misinfoNet,4,table,2020-04-02 19:06:13.695000,Focus off

	wyk984vb,chpjxcg2,misinfoNet,4,table,2020-04-02 19:06:16.744000,Page shown

	wyk984vb,hige4vwp,misinfoNet,3,dash,2020-04-02 19:06:17.436000,Form submitted

	wyk984vb,tw0j5jja,misinfoNet,4,table,2020-04-02 19:06:18.098000,Page shown

	wyk984vb,3torqoe7,misinfoNet,3,dash,2020-04-02 19:06:19.782000,Form submitted

	wyk984vb,hige4vwp,misinfoNet,4,table,2020-04-02 19:06:19.680000,Page shown

	wyk984vb,soino64j,misinfoNet,3,dash,2020-04-02 19:06:19.934000,Focus off

	wyk984vb,soino64j,misinfoNet,3,dash,2020-04-02 19:06:21.072000,Focus on

	wyk984vb,tw0j5jja,misinfoNet,4,table,2020-04-02 19:06:21.055000,Form submitted

	wyk984vb,tw0j5jja,misinfoNet,4,table,2020-04-02 19:06:21.058000,Focus off

	wyk984vb,tw0j5jja,misinfoNet,4,table,2020-04-02 19:06:21.058000,Focus on

	wyk984vb,8ebxv6tp,misinfoNet,4,table,2020-04-02 19:06:19.442000,Focus on

	wyk984vb,tw0j5jja,misinfoNet,4,table,2020-04-02 19:06:22.056000,Focus off

	wyk984vb,zajai0rg,misinfoNet,3,dash,2020-04-02 19:06:27.962000,Focus on

	wyk984vb,3torqoe7,misinfoNet,4,table,2020-04-02 19:06:22.272000,Page shown

	wyk984vb,soino64j,misinfoNet,4,table,2020-04-02 19:06:24.786000,Page shown

	wyk984vb,tgbm5dfl,misinfoNet,4,table,2020-04-02 19:06:06.518000,Focus on

	wyk984vb,8ebxv6tp,misinfoNet,4,table,2020-04-02 19:06:33.452000,Focus off

	wyk984vb,soino64j,misinfoNet,4,table,2020-04-02 19:06:37.712000,Focus off

	wyk984vb,zajai0rg,misinfoNet,3,dash,2020-04-02 19:06:43.823000,Focus off

	wyk984vb,hovo64tv,misinfoNet,4,table,2020-04-02 19:06:39.059000,Focus off

	wyk984vb,zajai0rg,misinfoNet,3,dash,2020-04-02 19:06:46.048000,Focus on

	wyk984vb,soino64j,misinfoNet,4,table,2020-04-02 19:06:39.991000,Focus on

	wyk984vb,hovo64tv,misinfoNet,4,table,2020-04-02 19:06:41.472000,Focus on

	wyk984vb,zajai0rg,misinfoNet,3,dash,2020-04-02 19:06:47.928000,Focus off

	wyk984vb,8ebxv6tp,misinfoNet,4,table,2020-04-02 19:06:40.742000,Focus on

	wyk984vb,c5x6l9ts,misinfoNet,4,table,2020-04-02 19:06:45.532000,Focus off

	wyk984vb,c5x6l9ts,misinfoNet,4,table,2020-04-02 19:06:45.530000,Form submitted

	wyk984vb,c5x6l9ts,misinfoNet,4,table,2020-04-02 19:06:45.701000,Focus on

	wyk984vb,hovo64tv,misinfoNet,4,table,2020-04-02 19:06:51.657000,Form submitted

	wyk984vb,hovo64tv,misinfoNet,4,table,2020-04-02 19:06:51.659000,Focus off

	wyk984vb,hovo64tv,misinfoNet,4,table,2020-04-02 19:06:51.659000,Focus on

	wyk984vb,y0u8rlrv,misinfoNet,4,table,2020-04-02 19:06:58.894000,Form submitted

	wyk984vb,y0u8rlrv,misinfoNet,4,table,2020-04-02 19:06:58.896000,Focus off

	wyk984vb,y0u8rlrv,misinfoNet,4,table,2020-04-02 19:06:58.897000,Focus on

	wyk984vb,y0u8rlrv,misinfoNet,4,table,2020-04-02 19:06:58.898000,Focus off

	wyk984vb,y0u8rlrv,misinfoNet,4,table,2020-04-02 19:06:59.074000,Focus on

	wyk984vb,3torqoe7,misinfoNet,4,table,2020-04-02 19:07:17.824000,Form submitted

	wyk984vb,3torqoe7,misinfoNet,4,table,2020-04-02 19:07:17.836000,Focus off

	wyk984vb,3torqoe7,misinfoNet,4,table,2020-04-02 19:07:17.838000,Focus on

	wyk984vb,hige4vwp,misinfoNet,4,table,2020-04-02 19:07:22.577000,Form submitted

	wyk984vb,hige4vwp,misinfoNet,4,table,2020-04-02 19:07:22.579000,Focus off

	wyk984vb,hige4vwp,misinfoNet,4,table,2020-04-02 19:07:22.741000,Focus on

	wyk984vb,tgbm5dfl,misinfoNet,4,table,2020-04-02 19:06:55.393000,Form submitted

	wyk984vb,tgbm5dfl,misinfoNet,4,table,2020-04-02 19:06:55.395000,Focus off

	wyk984vb,tgbm5dfl,misinfoNet,4,table,2020-04-02 19:06:55.396000,Focus on

	wyk984vb,tgbm5dfl,misinfoNet,4,table,2020-04-02 19:06:57.039000,Focus off

	wyk984vb,chpjxcg2,misinfoNet,4,table,2020-04-02 19:07:28.737000,Form submitted

	wyk984vb,chpjxcg2,misinfoNet,4,table,2020-04-02 19:07:28.739000,Focus off

	wyk984vb,chpjxcg2,misinfoNet,4,table,2020-04-02 19:07:28.740000,Focus on

	wyk984vb,soino64j,misinfoNet,4,table,2020-04-02 19:07:29.190000,Form submitted

	wyk984vb,soino64j,misinfoNet,4,table,2020-04-02 19:07:29.192000,Focus off

	wyk984vb,soino64j,misinfoNet,4,table,2020-04-02 19:07:29.368000,Focus on

	wyk984vb,chpjxcg2,misinfoNet,4,table,2020-04-02 19:07:29.694000,Focus off

	wyk984vb,zajai0rg,misinfoNet,3,dash,2020-04-02 19:07:36.188000,Focus on

	wyk984vb,zajai0rg,misinfoNet,3,dash,2020-04-02 19:07:36.190000,Focus off

	wyk984vb,soino64j,misinfoNet,4,table,2020-04-02 19:07:30.331000,Focus off

	wyk984vb,soino64j,misinfoNet,4,table,2020-04-02 19:07:31.177000,Focus on

	wyk984vb,zajai0rg,misinfoNet,3,dash,2020-04-02 19:07:44.404000,Form submitted

	wyk984vb,zajai0rg,misinfoNet,3,dash,2020-04-02 19:07:44.412000,Form submitted

	wyk984vb,8ebxv6tp,misinfoNet,4,table,2020-04-02 19:07:38.398000,Focus on

	wyk984vb,8ebxv6tp,misinfoNet,4,table,2020-04-02 19:07:38.379000,Form submitted

	wyk984vb,8ebxv6tp,misinfoNet,4,table,2020-04-02 19:07:38.398000,Focus off

	wyk984vb,8ebxv6tp,misinfoNet,4,table,2020-04-02 19:07:38.921000,Focus off

	wyk984vb,zajai0rg,misinfoNet,4,table,2020-04-02 19:07:47.154000,Page shown

	wyk984vb,zajai0rg,misinfoNet,4,table,2020-04-02 19:07:48.487000,Focus on

	wyk984vb,zajai0rg,misinfoNet,4,table,2020-04-02 19:08:29.527000,Focus off

	wyk984vb,zajai0rg,misinfoNet,4,table,2020-04-02 19:08:32.901000,Focus on

	wyk984vb,zajai0rg,misinfoNet,4,table,2020-04-02 19:08:53.043000,Focus off

	wyk984vb,zajai0rg,misinfoNet,4,table,2020-04-02 19:09:47.409000,Form submitted

	wyk984vb,zajai0rg,misinfoNet,4,table,2020-04-02 19:09:47.412000,Form submitted

	wyk984vb,tgbm5dfl,misinfoNet,4,dash,2020-04-02 19:09:15.211000,Page shown

	wyk984vb,tw0j5jja,misinfoNet,4,dash,2020-04-02 19:09:44.915000,Page shown

	wyk984vb,hovo64tv,misinfoNet,4,dash,2020-04-02 19:09:45.058000,Page shown

	wyk984vb,3torqoe7,misinfoNet,4,dash,2020-04-02 19:09:45.543000,Page shown

	wyk984vb,c5x6l9ts,misinfoNet,4,dash,2020-04-02 19:09:45.182000,Page shown

	wyk984vb,hige4vwp,misinfoNet,4,dash,2020-04-02 19:09:45.310000,Page shown

	wyk984vb,soino64j,misinfoNet,4,dash,2020-04-02 19:09:44.917000,Page shown

	wyk984vb,y0u8rlrv,misinfoNet,4,dash,2020-04-02 19:09:45.476000,Page shown

	wyk984vb,chpjxcg2,misinfoNet,4,dash,2020-04-02 19:09:45.018000,Page shown

	wyk984vb,soino64j,misinfoNet,4,dash,2020-04-02 19:09:46.284000,Focus on

	wyk984vb,zajai0rg,misinfoNet,4,dash,2020-04-02 19:09:50.896000,Page shown

	wyk984vb,c5x6l9ts,misinfoNet,4,dash,2020-04-02 19:09:46.917000,Focus on

	wyk984vb,8ebxv6tp,misinfoNet,4,dash,2020-04-02 19:09:43.576000,Page shown

	wyk984vb,8ebxv6tp,misinfoNet,4,dash,2020-04-02 19:09:44.523000,Focus on

	wyk984vb,chpjxcg2,misinfoNet,4,dash,2020-04-02 19:09:47.368000,Focus on

	wyk984vb,hige4vwp,misinfoNet,4,dash,2020-04-02 19:09:48.811000,Focus on

	wyk984vb,tw0j5jja,misinfoNet,4,dash,2020-04-02 19:09:52.934000,Form submitted

	wyk984vb,tw0j5jja,misinfoNet_outro,1,tableExplain,2020-04-02 19:09:53.417000,Page shown

	wyk984vb,3torqoe7,misinfoNet,4,dash,2020-04-02 19:10:01.595000,Focus on

	wyk984vb,c5x6l9ts,misinfoNet,4,dash,2020-04-02 19:10:03.734000,Form submitted

	wyk984vb,y0u8rlrv,misinfoNet,4,dash,2020-04-02 19:10:04.227000,Form submitted

	wyk984vb,zajai0rg,misinfoNet,4,dash,2020-04-02 19:10:10.276000,Focus on

	wyk984vb,c5x6l9ts,misinfoNet_outro,1,tableExplain,2020-04-02 19:10:04.470000,Page shown

	wyk984vb,y0u8rlrv,misinfoNet_outro,1,tableExplain,2020-04-02 19:10:04.841000,Page shown

	wyk984vb,chpjxcg2,misinfoNet,4,dash,2020-04-02 19:10:09.233000,Form submitted

	wyk984vb,tgbm5dfl,misinfoNet,4,dash,2020-04-02 19:09:40.412000,Form submitted

	wyk984vb,chpjxcg2,misinfoNet_outro,1,tableExplain,2020-04-02 19:10:09.698000,Page shown

	wyk984vb,tgbm5dfl,misinfoNet_outro,1,tableExplain,2020-04-02 19:09:41.209000,Page shown

	wyk984vb,tgbm5dfl,misinfoNet_outro,1,tableExplain,2020-04-02 19:09:43.231000,Focus off

	wyk984vb,zajai0rg,misinfoNet,4,dash,2020-04-02 19:10:18.627000,Focus off

	wyk984vb,zajai0rg,misinfoNet,4,dash,2020-04-02 19:10:19.463000,Focus on

	wyk984vb,3torqoe7,misinfoNet,4,dash,2020-04-02 19:10:14.344000,Form submitted

	wyk984vb,3torqoe7,misinfoNet_outro,1,tableExplain,2020-04-02 19:10:15.025000,Page shown

	wyk984vb,zajai0rg,misinfoNet,4,dash,2020-04-02 19:10:20.836000,Focus off

	wyk984vb,tgbm5dfl,misinfoNet_outro,1,tableExplain,2020-04-02 19:09:45.985000,Focus on

	wyk984vb,zajai0rg,misinfoNet,4,dash,2020-04-02 19:10:21.971000,Focus on

	wyk984vb,8ebxv6tp,misinfoNet,4,dash,2020-04-02 19:10:14.815000,Form submitted

	wyk984vb,hige4vwp,misinfoNet,4,dash,2020-04-02 19:10:18.211000,Form submitted

	wyk984vb,zajai0rg,misinfoNet,4,dash,2020-04-02 19:10:24.346000,Focus off

	wyk984vb,8ebxv6tp,misinfoNet_outro,1,tableExplain,2020-04-02 19:10:15.904000,Page shown

	wyk984vb,hige4vwp,misinfoNet_outro,1,tableExplain,2020-04-02 19:10:19.668000,Page shown

	wyk984vb,hovo64tv,misinfoNet,4,dash,2020-04-02 19:10:22.015000,Focus on

	wyk984vb,soino64j,misinfoNet,4,dash,2020-04-02 19:10:31.217000,Form submitted

	wyk984vb,soino64j,misinfoNet_outro,1,tableExplain,2020-04-02 19:10:32.029000,Page shown

	wyk984vb,c5x6l9ts,misinfoNet_outro,1,tableExplain,2020-04-02 19:10:36.802000,Form submitted

	wyk984vb,hovo64tv,misinfoNet,4,dash,2020-04-02 19:10:36.987000,Form submitted

	wyk984vb,c5x6l9ts,misinfoNet_outro,1,berlinIntro,2020-04-02 19:10:37.644000,Page shown

	wyk984vb,hovo64tv,misinfoNet_outro,1,tableExplain,2020-04-02 19:10:37.555000,Page shown

	wyk984vb,c5x6l9ts,misinfoNet_outro,1,berlinIntro,2020-04-02 19:10:39.771000,Form submitted

	wyk984vb,c5x6l9ts,misinfoNet_outro,1,berlin,2020-04-02 19:10:40.627000,Page shown

	wyk984vb,c5x6l9ts,misinfoNet_outro,1,berlin,2020-04-02 19:10:56.325000,Form submitted

	wyk984vb,y0u8rlrv,misinfoNet_outro,1,tableExplain,2020-04-02 19:10:57.531000,Form submitted

	wyk984vb,c5x6l9ts,misinfoNet_outro,1,gun,2020-04-02 19:10:57.330000,Page shown

	wyk984vb,y0u8rlrv,misinfoNet_outro,1,berlinIntro,2020-04-02 19:10:58.124000,Page shown

	wyk984vb,chpjxcg2,misinfoNet_outro,1,tableExplain,2020-04-02 19:10:59.687000,Form submitted

	wyk984vb,y0u8rlrv,misinfoNet_outro,1,berlinIntro,2020-04-02 19:11:00.102000,Form submitted

	wyk984vb,chpjxcg2,misinfoNet_outro,1,berlinIntro,2020-04-02 19:11:00.214000,Page shown

	wyk984vb,y0u8rlrv,misinfoNet_outro,1,berlin,2020-04-02 19:11:00.656000,Page shown

	wyk984vb,tgbm5dfl,misinfoNet_outro,1,tableExplain,2020-04-02 19:10:34.263000,Form submitted

	wyk984vb,chpjxcg2,misinfoNet_outro,1,berlinIntro,2020-04-02 19:11:03.985000,Form submitted

	wyk984vb,tgbm5dfl,misinfoNet_outro,1,berlinIntro,2020-04-02 19:10:35.079000,Page shown

	wyk984vb,chpjxcg2,misinfoNet_outro,1,berlin,2020-04-02 19:11:04.814000,Page shown

	wyk984vb,zajai0rg,misinfoNet,4,dash,2020-04-02 19:11:11.371000,Focus on

	wyk984vb,tgbm5dfl,misinfoNet_outro,1,berlinIntro,2020-04-02 19:10:37.173000,Form submitted

	wyk984vb,tgbm5dfl,misinfoNet_outro,1,berlin,2020-04-02 19:10:37.977000,Page shown

	wyk984vb,tgbm5dfl,misinfoNet_outro,1,berlin,2020-04-02 19:10:39.826000,Focus off

	wyk984vb,8ebxv6tp,misinfoNet_outro,1,tableExplain,2020-04-02 19:11:09.035000,Form submitted

	wyk984vb,8ebxv6tp,misinfoNet_outro,1,berlinIntro,2020-04-02 19:11:09.994000,Page shown

	wyk984vb,8ebxv6tp,misinfoNet_outro,1,berlinIntro,2020-04-02 19:11:13.085000,Form submitted

	wyk984vb,8ebxv6tp,misinfoNet_outro,1,berlin,2020-04-02 19:11:13.817000,Page shown

	wyk984vb,8ebxv6tp,misinfoNet_outro,1,berlin,2020-04-02 19:11:14.078000,Focus off

	wyk984vb,8ebxv6tp,misinfoNet_outro,1,berlin,2020-04-02 19:11:16.273000,Focus on

	wyk984vb,tw0j5jja,misinfoNet_outro,1,tableExplain,2020-04-02 19:11:19.797000,Form submitted

	wyk984vb,tw0j5jja,misinfoNet_outro,1,berlinIntro,2020-04-02 19:11:21.128000,Page shown

	wyk984vb,tw0j5jja,misinfoNet_outro,1,berlinIntro,2020-04-02 19:11:25.490000,Form submitted

	wyk984vb,y0u8rlrv,misinfoNet_outro,1,berlin,2020-04-02 19:11:26.414000,Form submitted

	wyk984vb,tw0j5jja,misinfoNet_outro,1,berlin,2020-04-02 19:11:26.074000,Page shown

	wyk984vb,y0u8rlrv,misinfoNet_outro,1,gun,2020-04-02 19:11:27.025000,Page shown

	wyk984vb,hovo64tv,misinfoNet_outro,1,tableExplain,2020-04-02 19:11:29.103000,Form submitted

	wyk984vb,hovo64tv,misinfoNet_outro,1,berlinIntro,2020-04-02 19:11:29.745000,Page shown

	wyk984vb,8ebxv6tp,misinfoNet_outro,1,berlin,2020-04-02 19:11:27.363000,Focus off

	wyk984vb,tw0j5jja,misinfoNet_outro,1,berlin,2020-04-02 19:11:32.451000,Form submitted

	wyk984vb,tw0j5jja,misinfoNet_outro,1,gun,2020-04-02 19:11:33.420000,Page shown

	wyk984vb,chpjxcg2,misinfoNet_outro,1,berlin,2020-04-02 19:11:34.566000,Form submitted

	wyk984vb,chpjxcg2,misinfoNet_outro,1,gun,2020-04-02 19:11:35.224000,Page shown

	wyk984vb,8ebxv6tp,misinfoNet_outro,1,berlin,2020-04-02 19:11:35.270000,Focus on

	wyk984vb,hovo64tv,misinfoNet_outro,1,berlinIntro,2020-04-02 19:11:39.679000,Focus off

	wyk984vb,zajai0rg,misinfoNet,4,dash,2020-04-02 19:11:50.923000,Form submitted

	wyk984vb,zajai0rg,misinfoNet,4,dash,2020-04-02 19:11:50.932000,Form submitted

	wyk984vb,tw0j5jja,misinfoNet_outro,1,gun,2020-04-02 19:11:46.246000,Form submitted

	wyk984vb,tw0j5jja,misinfoNet_outro,1,demographics,2020-04-02 19:11:47.100000,Page shown

	wyk984vb,8ebxv6tp,misinfoNet_outro,1,berlin,2020-04-02 19:11:46.072000,Focus off

	wyk984vb,zajai0rg,misinfoNet_outro,1,tableExplain,2020-04-02 19:11:53.527000,Page shown

	wyk984vb,3torqoe7,misinfoNet_outro,1,tableExplain,2020-04-02 19:11:49.259000,Form submitted

	wyk984vb,3torqoe7,misinfoNet_outro,1,berlinIntro,2020-04-02 19:11:50.239000,Page shown

	wyk984vb,c5x6l9ts,misinfoNet_outro,1,gun,2020-04-02 19:11:52.216000,Form submitted

	wyk984vb,c5x6l9ts,misinfoNet_outro,1,demographics,2020-04-02 19:11:53.060000,Page shown

	wyk984vb,8ebxv6tp,misinfoNet_outro,1,berlin,2020-04-02 19:11:52.126000,Focus on

	wyk984vb,3torqoe7,misinfoNet_outro,1,berlinIntro,2020-04-02 19:11:56.562000,Form submitted

	wyk984vb,3torqoe7,misinfoNet_outro,1,berlin,2020-04-02 19:11:56.988000,Page shown

	wyk984vb,y0u8rlrv,misinfoNet_outro,1,gun,2020-04-02 19:11:57.352000,Form submitted

	wyk984vb,y0u8rlrv,misinfoNet_outro,1,demographics,2020-04-02 19:11:57.836000,Page shown

	wyk984vb,tw0j5jja,misinfoNet_outro,1,demographics,2020-04-02 19:12:03.066000,Form submitted

	wyk984vb,tw0j5jja,misinfoNet_outro,1,politics,2020-04-02 19:12:03.687000,Page shown

	wyk984vb,8ebxv6tp,misinfoNet_outro,1,berlin,2020-04-02 19:12:03.011000,Focus off

	wyk984vb,chpjxcg2,misinfoNet_outro,1,gun,2020-04-02 19:12:06.701000,Form submitted

	wyk984vb,hige4vwp,misinfoNet_outro,1,tableExplain,2020-04-02 19:12:06.984000,Form submitted

	wyk984vb,chpjxcg2,misinfoNet_outro,1,demographics,2020-04-02 19:12:07.333000,Page shown

	wyk984vb,tw0j5jja,misinfoNet_outro,1,politics,2020-04-02 19:12:07.752000,Form submitted

	wyk984vb,y0u8rlrv,misinfoNet_outro,1,demographics,2020-04-02 19:12:08.342000,Form submitted

	wyk984vb,hige4vwp,misinfoNet_outro,1,berlinIntro,2020-04-02 19:12:07.836000,Page shown

	wyk984vb,tw0j5jja,misinfoNet_outro,1,feedback,2020-04-02 19:12:08.369000,Page shown

	wyk984vb,y0u8rlrv,misinfoNet_outro,1,politics,2020-04-02 19:12:09.035000,Page shown

	wyk984vb,hige4vwp,misinfoNet_outro,1,berlinIntro,2020-04-02 19:12:14.009000,Form submitted

	wyk984vb,hige4vwp,misinfoNet_outro,1,berlin,2020-04-02 19:12:14.596000,Page shown

	wyk984vb,y0u8rlrv,misinfoNet_outro,1,feedback,2020-04-02 19:12:16.121000,Page shown

	wyk984vb,y0u8rlrv,misinfoNet_outro,1,politics,2020-04-02 19:12:15.454000,Form submitted

	wyk984vb,8ebxv6tp,misinfoNet_outro,1,berlin,2020-04-02 19:12:16.891000,Focus on

	wyk984vb,chpjxcg2,misinfoNet_outro,1,demographics,2020-04-02 19:12:20.852000,Form submitted

	wyk984vb,chpjxcg2,misinfoNet_outro,1,politics,2020-04-02 19:12:21.394000,Page shown

	wyk984vb,tw0j5jja,misinfoNet_outro,1,feedback,2020-04-02 19:12:22.691000,Form submitted

	wyk984vb,tw0j5jja,misinfoNet_outro,1,honesty,2020-04-02 19:12:23.416000,Page shown

	wyk984vb,chpjxcg2,misinfoNet_outro,1,politics,2020-04-02 19:12:26.852000,Form submitted

	wyk984vb,c5x6l9ts,misinfoNet_outro,1,demographics,2020-04-02 19:12:27.306000,Form submitted

	wyk984vb,8ebxv6tp,misinfoNet_outro,1,berlin,2020-04-02 19:12:24.547000,Focus off

	wyk984vb,chpjxcg2,misinfoNet_outro,1,feedback,2020-04-02 19:12:28.762000,Page shown

	wyk984vb,c5x6l9ts,misinfoNet_outro,1,politics,2020-04-02 19:12:30.311000,Page shown

	wyk984vb,8ebxv6tp,misinfoNet_outro,1,berlin,2020-04-02 19:12:31.782000,Focus on

	wyk984vb,hige4vwp,misinfoNet_outro,1,berlin,2020-04-02 19:12:35.976000,Focus off

	wyk984vb,c5x6l9ts,misinfoNet_outro,1,politics,2020-04-02 19:12:39.512000,Form submitted

	wyk984vb,tw0j5jja,misinfoNet_outro,1,honesty,2020-04-02 19:12:39.912000,Form submitted

	wyk984vb,tw0j5jja,misinfoNet_outro,1,debrief,2020-04-02 19:12:40.849000,Page shown

	wyk984vb,c5x6l9ts,misinfoNet_outro,1,feedback,2020-04-02 19:12:41.217000,Page shown

	wyk984vb,hige4vwp,misinfoNet_outro,1,berlin,2020-04-02 19:12:41.521000,Focus on

	wyk984vb,3torqoe7,misinfoNet_outro,1,berlin,2020-04-02 19:12:43.648000,Form submitted

	wyk984vb,3torqoe7,misinfoNet_outro,1,gun,2020-04-02 19:12:44.401000,Page shown

	wyk984vb,tw0j5jja,misinfoNet_outro,1,debrief,2020-04-02 19:12:46.764000,Focus off

	wyk984vb,8ebxv6tp,misinfoNet_outro,1,berlin,2020-04-02 19:12:46.739000,Form submitted

	wyk984vb,c5x6l9ts,misinfoNet_outro,1,feedback,2020-04-02 19:12:49.260000,Form submitted

	wyk984vb,hige4vwp,misinfoNet_outro,1,berlin,2020-04-02 19:12:50.265000,Focus off

	wyk984vb,c5x6l9ts,misinfoNet_outro,1,honesty,2020-04-02 19:12:49.890000,Page shown

	wyk984vb,hige4vwp,misinfoNet_outro,1,berlin,2020-04-02 19:12:51.489000,Focus on

	wyk984vb,8ebxv6tp,misinfoNet_outro,1,gun,2020-04-02 19:12:48.143000,Page shown

	wyk984vb,chpjxcg2,misinfoNet_outro,1,feedback,2020-04-02 19:12:53.138000,Form submitted

	wyk984vb,c5x6l9ts,misinfoNet_outro,1,honesty,2020-04-02 19:12:54.114000,Form submitted

	wyk984vb,chpjxcg2,misinfoNet_outro,1,honesty,2020-04-02 19:12:53.738000,Page shown

	wyk984vb,8ebxv6tp,misinfoNet_outro,1,gun,2020-04-02 19:12:52.126000,Focus on

	wyk984vb,c5x6l9ts,misinfoNet_outro,1,debrief,2020-04-02 19:12:54.914000,Page shown

	wyk984vb,tw0j5jja,misinfoNet_outro,1,debrief,2020-04-02 19:12:57.483000,Focus on

	wyk984vb,chpjxcg2,misinfoNet_outro,1,honesty,2020-04-02 19:12:58.385000,Form submitted

	wyk984vb,chpjxcg2,misinfoNet_outro,1,debrief,2020-04-02 19:12:58.989000,Page shown

	wyk984vb,c5x6l9ts,misinfoNet_outro,1,debrief,2020-04-02 19:13:00.938000,Focus off

	wyk984vb,tgbm5dfl,misinfoNet_outro,1,berlin,2020-04-02 19:12:32.874000,Focus on

	wyk984vb,chpjxcg2,misinfoNet_outro,1,debrief,2020-04-02 19:13:04.441000,Focus off

	wyk984vb,8ebxv6tp,misinfoNet_outro,1,gun,2020-04-02 19:13:02.948000,Focus off

	wyk984vb,zajai0rg,misinfoNet_outro,1,tableExplain,2020-04-02 19:13:13.324000,Focus off

	wyk984vb,8ebxv6tp,misinfoNet_outro,1,gun,2020-04-02 19:13:07.252000,Focus on

	wyk984vb,chpjxcg2,misinfoNet_outro,1,debrief,2020-04-02 19:13:09.728000,Focus on

	wyk984vb,c5x6l9ts,misinfoNet_outro,1,debrief,2020-04-02 19:13:13.851000,Focus on

	wyk984vb,3torqoe7,misinfoNet_outro,1,gun,2020-04-02 19:13:15.428000,Form submitted

	wyk984vb,3torqoe7,misinfoNet_outro,1,demographics,2020-04-02 19:13:16.379000,Page shown

	wyk984vb,tgbm5dfl,misinfoNet_outro,1,berlin,2020-04-02 19:12:47.501000,Form submitted

	wyk984vb,tgbm5dfl,misinfoNet_outro,1,gun,2020-04-02 19:12:48.303000,Page shown

	wyk984vb,chpjxcg2,misinfoNet_outro,1,debrief,2020-04-02 19:13:19.585000,Focus off

	wyk984vb,y0u8rlrv,misinfoNet_outro,1,feedback,2020-04-02 19:13:22.706000,Form submitted

	wyk984vb,chpjxcg2,misinfoNet_outro,1,debrief,2020-04-02 19:13:23.663000,Focus on

	wyk984vb,y0u8rlrv,misinfoNet_outro,1,honesty,2020-04-02 19:13:23.460000,Page shown

	wyk984vb,8ebxv6tp,misinfoNet_outro,1,gun,2020-04-02 19:13:21.207000,Focus off

	wyk984vb,y0u8rlrv,misinfoNet_outro,1,honesty,2020-04-02 19:13:27.642000,Form submitted

	wyk984vb,8ebxv6tp,misinfoNet_outro,1,gun,2020-04-02 19:13:25.528000,Focus on

	wyk984vb,y0u8rlrv,misinfoNet_outro,1,debrief,2020-04-02 19:13:28.932000,Page shown

	wyk984vb,zajai0rg,misinfoNet_outro,1,tableExplain,2020-04-02 19:13:36.559000,Focus on

	wyk984vb,3torqoe7,misinfoNet_outro,1,demographics,2020-04-02 19:13:32.002000,Form submitted

	wyk984vb,3torqoe7,misinfoNet_outro,1,politics,2020-04-02 19:13:32.817000,Page shown

	wyk984vb,y0u8rlrv,misinfoNet_outro,1,debrief,2020-04-02 19:13:33.105000,Focus off

	wyk984vb,3torqoe7,misinfoNet_outro,1,politics,2020-04-02 19:13:41.546000,Form submitted

	wyk984vb,tgbm5dfl,misinfoNet_outro,1,gun,2020-04-02 19:13:11.760000,Form submitted

	wyk984vb,3torqoe7,misinfoNet_outro,1,feedback,2020-04-02 19:13:43.192000,Page shown

	wyk984vb,tgbm5dfl,misinfoNet_outro,1,demographics,2020-04-02 19:13:12.944000,Page shown

	wyk984vb,8ebxv6tp,misinfoNet_outro,1,gun,2020-04-02 19:13:41.606000,Form submitted

	wyk984vb,8ebxv6tp,misinfoNet_outro,1,demographics,2020-04-02 19:13:43.190000,Focus off

	wyk984vb,8ebxv6tp,misinfoNet_outro,1,demographics,2020-04-02 19:13:42.690000,Page shown

	wyk984vb,8ebxv6tp,misinfoNet_outro,1,demographics,2020-04-02 19:13:47.713000,Focus on

	wyk984vb,tgbm5dfl,misinfoNet_outro,1,demographics,2020-04-02 19:13:20.564000,Form submitted

	wyk984vb,tgbm5dfl,misinfoNet_outro,1,politics,2020-04-02 19:13:21.174000,Page shown

	wyk984vb,zajai0rg,misinfoNet_outro,1,tableExplain,2020-04-02 19:13:58.636000,Focus off

	wyk984vb,tgbm5dfl,misinfoNet_outro,1,politics,2020-04-02 19:13:24.706000,Form submitted

	wyk984vb,tgbm5dfl,misinfoNet_outro,1,feedback,2020-04-02 19:13:25.101000,Page shown

	wyk984vb,8ebxv6tp,misinfoNet_outro,1,demographics,2020-04-02 19:13:52.200000,Focus off

	wyk984vb,3torqoe7,misinfoNet_outro,1,feedback,2020-04-02 19:13:56.052000,Form submitted

	wyk984vb,3torqoe7,misinfoNet_outro,1,honesty,2020-04-02 19:13:56.850000,Page shown

	wyk984vb,zajai0rg,misinfoNet_outro,1,tableExplain,2020-04-02 19:14:04.294000,Focus on

	wyk984vb,8ebxv6tp,misinfoNet_outro,1,demographics,2020-04-02 19:13:56.917000,Focus on

	wyk984vb,y0u8rlrv,misinfoNet_outro,1,debrief,2020-04-02 19:13:59.818000,Focus on

	wyk984vb,zajai0rg,misinfoNet_outro,1,tableExplain,2020-04-02 19:14:06.318000,Form submitted

	wyk984vb,3torqoe7,misinfoNet_outro,1,honesty,2020-04-02 19:14:01.350000,Form submitted

	wyk984vb,tgbm5dfl,misinfoNet_outro,1,feedback,2020-04-02 19:13:31.559000,Form submitted

	wyk984vb,tgbm5dfl,misinfoNet_outro,1,honesty,2020-04-02 19:13:32.246000,Page shown

	wyk984vb,3torqoe7,misinfoNet_outro,1,debrief,2020-04-02 19:14:02.141000,Page shown

	wyk984vb,zajai0rg,misinfoNet_outro,1,berlinIntro,2020-04-02 19:14:08.835000,Page shown

	wyk984vb,tgbm5dfl,misinfoNet_outro,1,honesty,2020-04-02 19:13:36.514000,Form submitted

	wyk984vb,tgbm5dfl,misinfoNet_outro,1,debrief,2020-04-02 19:13:36.965000,Page shown

	wyk984vb,8ebxv6tp,misinfoNet_outro,1,demographics,2020-04-02 19:14:05.282000,Form submitted

	wyk984vb,8ebxv6tp,misinfoNet_outro,1,politics,2020-04-02 19:14:06.270000,Page shown

	wyk984vb,zajai0rg,misinfoNet_outro,1,berlinIntro,2020-04-02 19:14:14.966000,Form submitted

	wyk984vb,tgbm5dfl,misinfoNet_outro,1,debrief,2020-04-02 19:13:39.784000,Focus off

	wyk984vb,zajai0rg,misinfoNet_outro,1,berlin,2020-04-02 19:14:16.473000,Page shown

	wyk984vb,3torqoe7,misinfoNet_outro,1,debrief,2020-04-02 19:14:12.775000,Focus off

	wyk984vb,tgbm5dfl,misinfoNet_outro,1,debrief,2020-04-02 19:13:43.665000,Focus on

	wyk984vb,hovo64tv,misinfoNet_outro,1,berlinIntro,2020-04-02 19:14:14.037000,Focus on

	wyk984vb,hovo64tv,misinfoNet_outro,1,berlinIntro,2020-04-02 19:14:14.098000,Form submitted

	wyk984vb,8ebxv6tp,misinfoNet_outro,1,politics,2020-04-02 19:14:11.336000,Focus off

	wyk984vb,hovo64tv,misinfoNet_outro,1,berlin,2020-04-02 19:14:14.810000,Page shown

	wyk984vb,8ebxv6tp,misinfoNet_outro,1,politics,2020-04-02 19:14:15.543000,Focus on

	wyk984vb,3torqoe7,misinfoNet_outro,1,debrief,2020-04-02 19:14:19.545000,Focus on

	wyk984vb,8ebxv6tp,misinfoNet_outro,1,politics,2020-04-02 19:14:20.051000,Form submitted

	wyk984vb,8ebxv6tp,misinfoNet_outro,1,feedback,2020-04-02 19:14:20.839000,Page shown

	wyk984vb,zajai0rg,misinfoNet_outro,1,berlin,2020-04-02 19:14:28.427000,Focus off

	wyk984vb,8ebxv6tp,misinfoNet_outro,1,feedback,2020-04-02 19:14:30.108000,Form submitted

	wyk984vb,8ebxv6tp,misinfoNet_outro,1,honesty,2020-04-02 19:14:30.961000,Page shown

	wyk984vb,hovo64tv,misinfoNet_outro,1,berlin,2020-04-02 19:14:33.806000,Focus off

	wyk984vb,8ebxv6tp,misinfoNet_outro,1,honesty,2020-04-02 19:14:36.541000,Form submitted

	wyk984vb,8ebxv6tp,misinfoNet_outro,1,debrief,2020-04-02 19:14:37.576000,Page shown

	wyk984vb,8ebxv6tp,misinfoNet_outro,1,debrief,2020-04-02 19:14:44.200000,Focus on

	wyk984vb,zajai0rg,misinfoNet_outro,1,berlin,2020-04-02 19:14:53.131000,Focus on

	wyk984vb,hovo64tv,misinfoNet_outro,1,berlin,2020-04-02 19:14:52.333000,Focus on

	wyk984vb,8ebxv6tp,misinfoNet_outro,1,debrief,2020-04-02 19:14:55.834000,Focus off

	wyk984vb,zajai0rg,misinfoNet_outro,1,berlin,2020-04-02 19:15:05.484000,Focus off

	wyk984vb,hovo64tv,misinfoNet_outro,1,berlin,2020-04-02 19:15:12.767000,Focus off

	wyk984vb,zajai0rg,misinfoNet_outro,1,berlin,2020-04-02 19:15:27.487000,Focus on

	wyk984vb,zajai0rg,misinfoNet_outro,1,berlin,2020-04-02 19:15:35.797000,Focus off

	wyk984vb,hovo64tv,misinfoNet_outro,1,berlin,2020-04-02 19:15:30.836000,Focus on

	wyk984vb,soino64j,misinfoNet_outro,1,tableExplain,2020-04-02 19:15:31.519000,Focus off

	wyk984vb,soino64j,misinfoNet_outro,1,tableExplain,2020-04-02 19:15:31.695000,Focus on

	wyk984vb,soino64j,misinfoNet_outro,1,tableExplain,2020-04-02 19:15:31.709000,Focus off

	wyk984vb,soino64j,misinfoNet_outro,1,tableExplain,2020-04-02 19:15:32.744000,Focus on

	wyk984vb,hovo64tv,misinfoNet_outro,1,berlin,2020-04-02 19:15:38.734000,Form submitted

	wyk984vb,hovo64tv,misinfoNet_outro,1,gun,2020-04-02 19:15:39.569000,Page shown

	wyk984vb,zajai0rg,misinfoNet_outro,1,berlin,2020-04-02 19:16:08.108000,Focus on

	wyk984vb,zajai0rg,misinfoNet_outro,1,berlin,2020-04-02 19:16:17.775000,Focus off

	wyk984vb,hige4vwp,misinfoNet_outro,1,berlin,2020-04-02 19:16:18.562000,Form submitted

	wyk984vb,hovo64tv,misinfoNet_outro,1,gun,2020-04-02 19:16:19.095000,Form submitted

	wyk984vb,hovo64tv,misinfoNet_outro,1,demographics,2020-04-02 19:16:20.309000,Page shown

	wyk984vb,hige4vwp,misinfoNet_outro,1,gun,2020-04-02 19:16:20.236000,Page shown

	wyk984vb,hovo64tv,misinfoNet_outro,1,demographics,2020-04-02 19:16:35.125000,Form submitted

	wyk984vb,hovo64tv,misinfoNet_outro,1,politics,2020-04-02 19:16:36.022000,Page shown

	wyk984vb,zajai0rg,misinfoNet_outro,1,berlin,2020-04-02 19:16:46.895000,Focus on

	wyk984vb,hovo64tv,misinfoNet_outro,1,politics,2020-04-02 19:16:42.799000,Form submitted

	wyk984vb,hovo64tv,misinfoNet_outro,1,feedback,2020-04-02 19:16:43.339000,Page shown

	wyk984vb,hovo64tv,misinfoNet_outro,1,feedback,2020-04-02 19:16:53.541000,Form submitted

	wyk984vb,hovo64tv,misinfoNet_outro,1,honesty,2020-04-02 19:16:54.087000,Page shown

	wyk984vb,zajai0rg,misinfoNet_outro,1,berlin,2020-04-02 19:17:01.395000,Form submitted

	wyk984vb,zajai0rg,misinfoNet_outro,1,berlin,2020-04-02 19:17:02.075000,Focus off

	wyk984vb,zajai0rg,misinfoNet_outro,1,gun,2020-04-02 19:17:04.411000,Page shown

	wyk984vb,hovo64tv,misinfoNet_outro,1,honesty,2020-04-02 19:17:00.661000,Form submitted

	wyk984vb,hovo64tv,misinfoNet_outro,1,debrief,2020-04-02 19:17:01.305000,Page shown

	wyk984vb,zajai0rg,misinfoNet_outro,1,gun,2020-04-02 19:17:07.819000,Focus on

	wyk984vb,hige4vwp,misinfoNet_outro,1,gun,2020-04-02 19:17:04.891000,Form submitted

	wyk984vb,hige4vwp,misinfoNet_outro,1,demographics,2020-04-02 19:17:05.632000,Page shown

	wyk984vb,hige4vwp,misinfoNet_outro,1,demographics,2020-04-02 19:17:16.029000,Form submitted

	wyk984vb,hige4vwp,misinfoNet_outro,1,politics,2020-04-02 19:17:16.680000,Page shown

	wyk984vb,hovo64tv,misinfoNet_outro,1,debrief,2020-04-02 19:17:18.004000,Focus off

	wyk984vb,hovo64tv,misinfoNet_outro,1,debrief,2020-04-02 19:17:21.666000,Focus on

	wyk984vb,hige4vwp,misinfoNet_outro,1,politics,2020-04-02 19:17:21.997000,Form submitted

	wyk984vb,hige4vwp,misinfoNet_outro,1,feedback,2020-04-02 19:17:23.505000,Page shown

	wyk984vb,zajai0rg,misinfoNet_outro,1,gun,2020-04-02 19:17:30.034000,Focus off

	wyk984vb,zajai0rg,misinfoNet_outro,1,gun,2020-04-02 19:17:35.136000,Focus on

	wyk984vb,hige4vwp,misinfoNet_outro,1,feedback,2020-04-02 19:17:30.126000,Form submitted

	wyk984vb,zajai0rg,misinfoNet_outro,1,gun,2020-04-02 19:17:36.734000,Form submitted

	wyk984vb,hige4vwp,misinfoNet_outro,1,honesty,2020-04-02 19:17:30.764000,Page shown

	wyk984vb,zajai0rg,misinfoNet_outro,1,demographics,2020-04-02 19:17:38.168000,Page shown

	wyk984vb,hige4vwp,misinfoNet_outro,1,honesty,2020-04-02 19:17:38.106000,Form submitted

	wyk984vb,hige4vwp,misinfoNet_outro,1,debrief,2020-04-02 19:17:38.626000,Page shown

	wyk984vb,soino64j,misinfoNet_outro,1,tableExplain,2020-04-02 19:17:40.685000,Form submitted

	wyk984vb,soino64j,misinfoNet_outro,1,berlinIntro,2020-04-02 19:17:41.356000,Page shown

	wyk984vb,soino64j,misinfoNet_outro,1,berlinIntro,2020-04-02 19:17:44.799000,Form submitted

	wyk984vb,hige4vwp,misinfoNet_outro,1,debrief,2020-04-02 19:17:44.817000,Focus off

	wyk984vb,soino64j,misinfoNet_outro,1,berlin,2020-04-02 19:17:45.411000,Page shown

	wyk984vb,zajai0rg,misinfoNet_outro,1,demographics,2020-04-02 19:17:55.442000,Form submitted

	wyk984vb,hige4vwp,misinfoNet_outro,1,debrief,2020-04-02 19:17:50.366000,Focus on

	wyk984vb,zajai0rg,misinfoNet_outro,1,politics,2020-04-02 19:17:56.656000,Page shown

	wyk984vb,hige4vwp,misinfoNet_outro,1,debrief,2020-04-02 19:17:54.540000,Focus off

	wyk984vb,zajai0rg,misinfoNet_outro,1,politics,2020-04-02 19:18:03.988000,Form submitted

	wyk984vb,zajai0rg,misinfoNet_outro,1,feedback,2020-04-02 19:18:06.522000,Page shown

	wyk984vb,zajai0rg,misinfoNet_outro,1,feedback,2020-04-02 19:18:28.981000,Form submitted

	wyk984vb,zajai0rg,misinfoNet_outro,1,honesty,2020-04-02 19:18:30.567000,Page shown

	wyk984vb,zajai0rg,misinfoNet_outro,1,honesty,2020-04-02 19:18:35.467000,Form submitted

	wyk984vb,zajai0rg,misinfoNet_outro,1,debrief,2020-04-02 19:18:36.968000,Page shown

	wyk984vb,zajai0rg,misinfoNet_outro,1,debrief,2020-04-02 19:18:50.418000,Focus off

	wyk984vb,soino64j,misinfoNet_outro,1,berlin,2020-04-02 19:19:18.179000,Focus off

	wyk984vb,soino64j,misinfoNet_outro,1,berlin,2020-04-02 19:19:29.477000,Focus on

	wyk984vb,soino64j,misinfoNet_outro,1,berlin,2020-04-02 19:19:31.241000,Focus off

	wyk984vb,soino64j,misinfoNet_outro,1,berlin,2020-04-02 19:20:00.693000,Focus on

	wyk984vb,soino64j,misinfoNet_outro,1,berlin,2020-04-02 19:20:03.229000,Form submitted

	wyk984vb,soino64j,misinfoNet_outro,1,gun,2020-04-02 19:20:04.034000,Page shown

	wyk984vb,soino64j,misinfoNet_outro,1,gun,2020-04-02 19:20:25.554000,Form submitted

	wyk984vb,soino64j,misinfoNet_outro,1,demographics,2020-04-02 19:20:27.800000,Page shown

	wyk984vb,soino64j,misinfoNet_outro,1,demographics,2020-04-02 19:20:46.125000,Form submitted

	wyk984vb,soino64j,misinfoNet_outro,1,politics,2020-04-02 19:20:46.736000,Page shown

	wyk984vb,soino64j,misinfoNet_outro,1,politics,2020-04-02 19:20:53.246000,Form submitted

	wyk984vb,soino64j,misinfoNet_outro,1,feedback,2020-04-02 19:20:53.875000,Page shown

	wyk984vb,soino64j,misinfoNet_outro,1,feedback,2020-04-02 19:21:02.915000,Form submitted

	wyk984vb,soino64j,misinfoNet_outro,1,honesty,2020-04-02 19:21:03.422000,Page shown

	wyk984vb,soino64j,misinfoNet_outro,1,honesty,2020-04-02 19:21:06.713000,Form submitted

	wyk984vb,soino64j,misinfoNet_outro,1,debrief,2020-04-02 19:21:07.696000,Page shown

	wyk984vb,soino64j,misinfoNet_outro,1,debrief,2020-04-02 19:21:09.824000,Focus off

	wyk984vb,soino64j,misinfoNet_outro,1,debrief,2020-04-02 19:21:12.645000,Focus on

	wyk984vb,soino64j,misinfoNet_outro,1,debrief,2020-04-02 19:21:20.561000,Focus off

	wyk984vb,soino64j,misinfoNet_outro,1,debrief,2020-04-02 19:21:24.101000,Focus on

	wyk984vb,soino64j,misinfoNet_outro,1,debrief,2020-04-02 19:21:25.291000,Focus off

	wyk984vb,soino64j,misinfoNet_outro,1,debrief,2020-04-02 19:21:29.324000,Focus on

	wyk984vb,zajai0rg,misinfoNet_outro,1,debrief,2020-04-02 19:24:07.892000,Focus on

	wyk984vb,hige4vwp,misinfoNet_outro,1,debrief,2020-04-02 19:26:07.183000,Focus on
